,Ranking,CUI1,CUI2,Term1,Term2
0,1,C0019340,C0020550,Herpes,Hyperthyroidism
1,2,C0038187,C0152149,Starvation,Mittelschmerz
2,3,C0017536,C0233576,Giardiasis,Mannerism
3,4,C1257763,C0162429,Overnutrition,Malnutrition
4,5,C0009806,C0011991,Constipation,Diarrhea
5,6,C0009319,C0014544,Colitis,Epilepsy
6,7,C0149651,C0009806,Clubbing,Constipation
7,8,C0036572,C0995182,Seizures,Aloe Vera
8,9,C0684275,C0017642,Hemophilia,Glucotrol
9,10,C0033860,C0004153,Psoriasis,Atherosclerosis
10,11,C0018081,C0070166,Gonorrhea,Plavix
11,12,C0009806,C0012373,Constipation,Cardizem
12,13,C0019270,C0013456,Hernias,Earache
13,14,C0995182,C0020264,Aloe Vera,Vicodin
14,15,C0032617,C0159075,Polyuria,Chyluria
15,16,C0036572,C0357929,Seizures,Calamine
16,17,C0019112,C0021359,Haemorrhoids,Infertility
17,18,C0009806,C0042523,Constipation,Calan
18,19,C0393080,C0016365,Vfend,Prozac
19,20,C0018081,C0076275,Gonorrhea,Xenical
20,21,C0149651,C0885057,Clubbing,Garlic
21,22,C0033860,C0054836,Psoriasis,Coreg
22,23,C0242706,C0076275,Hyperoxia,Xenical
23,24,C0152149,C0003564,Mittelschmerz,Aphonia
24,25,C0006309,C0027358,Brucellosis,Narcan
25,26,C0003862,C0159075,Arthralgia,Chyluria
26,27,C0036323,C0114873,Schistosomiasis,Cardura
27,28,C1998461,C0004899,Allergy.,Bacitracin
28,29,C0001882,C0029456,Airsickness,Osteoporosis
29,30,C0005747,C0043031,Blepharospasm,Coumadin
30,31,C0014544,C0019209,Epilepsy,Hepatomegaly
31,32,C0018995,C0025023,Hemochromatosis,Vermox
32,33,C0004153,C0152447,Atherosclerosis,Urethrorrhea
33,34,C0013428,C0070166,Dysuria,Plavix
34,35,C0003564,C0152149,Aphonia,Mittelschmerz
35,36,C0010137,C0001443,Cortisone,Adenosine
36,37,C0086543,C0043144,Cataracts,Wheezing
37,38,C0009090,C0017887,Cluttering,Nitroglycerine
38,39,C0033860,C0037763,Psoriasis,Spasm
39,40,C0033860,C0025287,Psoriasis,Meningism
40,41,C0024730,C0000970,Mannitol,Tylenol
41,42,C0497327,C0995182,Dementia,Aloe Vera
42,43,C0004153,C0040460,Atherosclerosis,Toothache
43,44,C0040460,C0076107,Toothache,Hytrin
44,45,C0021359,C0005747,Infertility,Blepharospasm
45,46,C0357929,C0005740,Calamine,Bleomycin
46,47,C0003128,C0040485,Anovulation,Torticollis
47,48,C0013369,C0116569,Dysentery,Esmolol
48,49,C0002940,C0029456,Aneurysm,Osteoporosis
49,50,C0039730,C0040822,Thalassemia,Tremor
50,51,C1257763,C0010592,Overnutrition,Sandimmune
51,52,C0152447,C0003564,Urethrorrhea,Aphonia
52,53,C0231655,C0018520,Scapulalgia,Halitosis
53,54,C0557875,C0042523,Tiredness,Calan
54,55,C0019270,C0497327,Hernias,Dementia
55,56,C0159075,C0232955,Chyluria,Menouria
56,57,C0034494,C0947651,Rabies,Silvadene
57,58,C0242339,C0060277,Dyslipidemia,Iron
58,59,C0006982,C0018242,Sinemet,Gifulvin
59,60,C0029456,C0087086,Osteoporosis,Thrombus
60,61,C0878544,C0000970,Cardiomyopathy,Tylenol
61,62,C0037384,C0023992,Snoring,Loperamide
62,63,C0006277,C0023992,Bronchitis,Loperamide
63,64,C0015300,C0242453,Exophthalmos,Prostatism
64,65,C0003126,C0009806,Anosmia,Constipation
65,66,C0231655,C0017887,Scapulalgia,Nitroglycerine
66,67,C0034642,C0034880,Rales,Hyperacusis
67,68,C0242706,C0003129,Hyperoxia,Anoxemia
68,69,C0022116,C0995182,Ischemias,Aloe Vera
69,70,C0032064,C0008402,Plague,Cholestyramine
70,71,C0040460,C0004134,Toothache,Ataxia
71,72,C0232197,C0357929,Fibrillation,Calamine
72,73,C0041948,C0004057,Uremias,Aspirin
73,74,C0001047,C0001443,Acetylcysteine,Adenosine
74,75,C0034494,C0702166,Rabies,Acne
75,76,C0004153,C0021400,Atherosclerosis,Influenzae
76,77,C0231451,C0017245,Hyperextension,Lopid
77,78,C0231451,C0004899,Hyperextension,Bacitracin
78,79,C0086543,C0027358,Cataracts,Narcan
79,80,C0009421,C0086543,comatose,Cataracts
80,81,C0040165,C0023660,Synthroid,Lidocaine
81,82,C0002962,C0011991,Angina,Diarrhea
82,83,C0026946,C0242453,Mycosis,Prostatism
83,84,C0086543,C0025598,Cataracts,Glucophage
84,85,C0003126,C0231617,Anosmia,Catch
85,86,C0017601,C0232197,Glaucoma,Fibrillation
86,87,C0032064,C0006644,Plague,Vivarin
87,88,C0017601,C0232197,Glaucoma,Fibrillation
88,89,C0858529,C0023992,Cardialgia,Loperamide
89,90,C0031154,C0004134,Peritonitis,Ataxia
90,91,C0031763,C0003564,Photosensitization,Aphonia
91,92,C0033687,C0026196,Proteinuria,Rogaine
92,93,C0004096,C0451641,Asthma,Urolithiasis
93,94,C0070166,C0021641,Plavix,Insulin
94,95,C0086543,C0231655,Cataracts,Scapulalgia
95,96,C0019655,C0032950,Histoplasmosis,Prednisolone
96,97,C0003126,C0012265,Anosmia,Digoxin
97,98,C0947651,C0022614,Silvadene,Ketamine
98,99,C0061851,C0022046,Zofran,Ipecac Syrup
99,100,C0231236,C0042755,Underexertion,Virilism
100,101,C0029456,C0878544,Osteoporosis,Cardiomyopathy
101,102,C0877781,C0017887,Hemicrania,Nitroglycerine
102,103,C0026946,C0286651,Mycosis,Lipitor
103,104,C0231851,C0032617,Fish-mouthing,Polyuria
104,105,C0028978,C0025598,Prilosec,Glucophage
105,106,C0036494,C0149651,Seasickness,Clubbing
106,107,C0040034,C0003864,Thrombocytopenia,Arthritis
107,108,C0152149,C0246719,Mittelschmerz,Actonel
108,109,C0086543,C0030305,Cataracts,Pancreatitis
109,110,C0085208,C0002600,Wellbutrin,Endep
110,111,C0004134,C0009806,Ataxia,Constipation
111,112,C0018995,C0032617,Hemochromatosis,Polyuria
112,113,C0041834,C0040822,Erythema,Tremor
113,114,C0003862,C0149651,Arthralgia,Clubbing
114,115,C0009024,C0085208,Clonus,Wellbutrin
115,116,C0242339,C0009806,Dyslipidemia,Constipation
116,117,C0033497,C0085259,Propranolol,Bactroban
117,118,C0038187,C0008838,Starvation,Cisplatin
118,119,C1998461,C0025287,Allergy.,Meningism
119,120,C0005747,C0270327,Blepharospasm,Bedwetting
120,121,C0085593,C0037384,Chills,Snoring
121,122,C0018021,C0042384,Goiter,Vasculitis
122,123,C0003128,C0006982,Anovulation,Sinemet
123,124,C0037384,C0221232,Snoring,Welts
124,125,C0040034,C0018834,Thrombocytopenia,Heartburn
125,126,C0014544,C0246719,Epilepsy,Actonel
126,127,C0017642,C0020740,Glucotrol,Motrin
127,128,C0242723,C0858529,Parasitemia,Cardialgia
128,129,C0036572,C0021641,Seizures,Insulin
129,130,C0003864,C0231236,Arthritis,Underexertion
130,131,C0162275,C0159075,Ketonuria,Chyluria
131,132,C0005740,C0012772,Bleomycin,Antabuse
132,133,C0231451,C0020175,Hyperextension,Hunger
133,134,C0002940,C0947651,Aneurysm,Silvadene
134,135,C0026946,C0079083,Mycosis,Carboplatin
135,136,C0030305,C0086543,Pancreatitis,Cataract
136,137,C0152447,C0040822,Urethrorrhea,Tremor
137,138,C0040485,C0014806,Torticollis,Erythromycin
138,139,C0023530,C0007537,Leukopenia,Cefaclor
139,140,C0242706,C0076275,Hyperoxia,Xenical
140,141,C0014806,C0002144,Erythromycin,Allopurinol
141,142,C0021359,C0232197,Infertility,Fibrillation
142,143,C0232197,C0018520,Fibrillation,Halitosis
143,144,C0030305,C0332566,Pancreatitis,Maculopapule
144,145,C0017160,C0021641,Gastroenteritis,Insulin
145,146,C0028734,C0004899,Nocturia,Bacitracin
146,147,C0019270,C0018021,Hernia,Goiter
147,148,C0026946,C0030193,Mycosis,Pain
148,149,C0854467,C0037384,Myelosuppression,Snoring
149,150,C0149651,C0042878,Clubbing,Vitamin K
150,151,C0042384,C0018991,Vasculitis,Hemiplegia
151,152,C0010520,C0016410,Cyanosis,Folic Acid
152,153,C0028738,C0021167,Nystagmus,Incontinence
153,154,C0013456,C0233212,Earache,Crowning
154,155,C1883552,C0017687,Weakness,Glucagen
155,156,C0006949,C0031507,Carbatrol,Dilantin
156,157,C0042384,C0009951,Vasculitis,Convulsion
157,158,C0036396,C0231236,Sciatica,Underexertion
158,159,C0001924,C0019134,Albumin,Heparin
159,160,C0018995,C0003126,Hemochromatosis,Anosmia
160,161,C0162275,C0016410,Ketonuria,Folic Acid
161,162,C0006840,C0392071,Candidiasis,Prostatorrhea
162,163,C0013404,C0220892,Dyspnea,Penicillin
163,164,C0035435,C0917801,Rheumatism,Sleeplessness
164,165,C0009187,C0025815,Coccidioses,Medrol
165,166,C0026946,C0025815,Mycosis,Medrol
166,167,C0006840,C0025815,Candidiasis,Medrol
167,168,C1623038,C0286651,Cirrhosis,Lipitor
168,169,C0017160,C0086073,Gastroenteritis,Cromolyn
169,170,C0086543,C0021641,Cataracts,Insulin
170,171,C0041948,C0020740,Uremias,Motrin
171,172,C0018021,C0011644,Goiter,Scleroderma
172,173,C0014563,C0028351,Primatine,Levophed
173,174,C0013132,C0085593,Drooling,Chills
174,175,C1257763,C0036572,Overnutrition,Seizures
175,176,C0022116,C0152149,Ischemias,Mittelschmerz
176,177,C0002962,C0028351,Angina,Levophed
177,178,C0014544,C0003126,Epilepsy,Anosmia
178,179,C0030232,C0004057,Pallor,Aspirin
179,180,C0011847,C0033860,Diabetes,Psoriasis
180,181,C0018681,C0016382,Headache,Flushing
181,182,C0037763,C0016860,Spasm,Lasix
182,183,C0023530,C0220892,Leukopenia,Penicillin
183,184,C0034494,C0234990,Rabies,Head-Face-Neck-Syndrome
184,185,C0019270,C0006982,Hernia,Sinemet
185,186,C0017536,C0376286,Giardiasis,Avitaminoses
186,187,C0206160,C0018926,Reticulocytosis,Hematemesis
187,188,C0014806,C0023660,Erythromycin,Lidocaine
188,189,C0034880,C0003564,Hyperacusis,Aphonia
189,190,C0036690,C0013404,Septicemia,Dyspnea
190,191,C0004610,C0376288,Bacteremia,Amauroses
191,192,C0021641,C0017687,Insulin,Glucagen
192,193,C0684275,C0040038,Hemophilia,Thromboembolism
193,194,C0276185,C0752270,Camelpox,Echinacea
194,195,C0010520,C0014563,Cyanosis,Primatine
195,196,C0007398,C0027358,Catatonia,Narcan
196,197,C0036494,C0001962,Seasickness,Ethanol
197,198,C0041834,C0031507,Erythema,Dilantin
198,199,C0022116,C0013132,Ischemias,Drooling
199,200,C0398623,C0019079,Thrombophilias,Hemoptysis
200,201,C0011777,C0246719,Dexamethasone,Actonel
201,202,C0019340,C0008370,Herpes,Cholestasis
202,203,C0442874,C0009806,Neuropathy,Constipation
203,204,C0003129,C0033487,Anoxemia,Propofol
204,205,C0040165,C0279175,Synthroid,Armor Thyroid
205,206,C0027358,C0015846,Narcan,Duragesic
206,207,C0442874,C0025598,Neuropathy,Glucophage
207,208,C0037384,C0038450,Snoring,Stridor
208,209,C0020550,C0029456,Hyperthyroidism,Osteoporosis
209,210,C0003129,C0004134,Anoxemia,Ataxia
210,211,C1623038,C0074554,Cirrhosis,Zocor
211,212,C0041948,C0013911,Uremias,Emaciation
212,213,C0741439,C0027497,Bandemia,Nausea
213,214,C0019045,C0030193,Hemoglobinopathy,Pain
214,215,C0014544,C0022116,Epilepsy,Ischemia
215,216,C0011991,C0007537,Diarrhea,Cefaclor
216,217,C0003850,C0008402,Arteriosclerosis,Cholestyramine
217,218,C0016382,C0060277,Flushing,Iron
218,219,C0020639,C0020175,Hypoproteinemia,Hunger
219,220,C1623038,C0301532,Cirrhosis,Banana Bag
220,221,C0085631,C0026549,Agitation,Morphine
221,222,C0030232,C0001924,Pallor,Albumin
222,223,C0242339,C0032143,Dyslipidemia,Activase
223,224,C0025287,C0020453,Meningism,Hyperesthesia
224,225,C0557875,C0004147,Tiredness,Atenolol
225,226,C0002871,C0070166,Anemia,Plavix
226,227,C0042755,C0013132,Virilism,Drooling
227,228,C0019079,C0033603,Hemoptysis,Protamine Sulfate
228,229,C0011175,C0006840,Dehydration,Candidiases
229,230,C0041948,C0553735,Uremias,Pyorrhea
230,231,C0026848,C0234369,Myopathy,Trembling
231,232,C0003128,C0152149,Anovulation,Mittelschmerz
232,233,C0018991,C0018681,Hemiplegia,Headache
233,234,C0009421,C0019158,Comatose,Hepatitis
234,235,C0014544,C0001975,Epilepsy,Alcohol
235,236,C0029877,C0025287,Otitis,Meningism
236,237,C0152149,C0040460,Mittelschmerz,Toothache
237,238,C0027358,C0026549,Narcan,Morphine
238,239,C0025587,C0040460,Metatarsalgia,Toothache
239,240,C0003128,C0013911,Anovulation,Emaciation
240,241,C0013404,C0027358,Dyspnea,Narcan
241,242,C0009214,C0027358,Codeine,Narcan
242,243,C0005716,C0036572,Blastomycoses,Seizures
243,244,C0011053,C0004134,Deafness,Ataxia
244,245,C0013404,C0085631,Dyspnea,Agitation
245,246,C0020676,C0021359,Hypothyroidism,Infertility
246,247,C0034880,C0005740,Hyperacusis,Bleomycin
247,248,C0013428,C0008809,Dysuria,Cipro
248,249,C0012833,C0004147,Dizziness,Atenolol
249,250,C0039070,C0002333,Syncope,Xanax
250,251,C0003864,C1623038,Arthritis,Cirrhosis
251,252,C0877781,C0000970,Hemicrania,Tylenol
252,253,C0041948,C0027497,Uremias,Nausea
253,254,C0032285,C0010520,Pneumonia,Cyanosis
254,255,C0002871,C0043031,Anemia,Coumadin
255,256,C0041296,C0149651,Tuberculosis,Clubbing
256,257,C0085635,C0018681,Photopsia,Headache
257,258,C0032285,C1883552,Pneumoniae,Weakness
258,259,C0239779,C0221169,Grimaces,Hemiballismus
259,260,C0085631,C0040165,Agitation,Synthroid
260,261,C0030232,C0043031,Pallor,Coumadin
261,262,C0039070,C0004147,Syncope,Atenolol
262,263,C0002962,C0013404,Angina,Dyspnea
263,264,C0018834,C0020740,Heartburn,Motrin
264,265,C0008838,C0061851,Cisplatin,Zofran
265,266,C0036494,C0001962,Seasickness,Ethanol
266,267,C0038450,C0037384,Stridor,Snoring
267,268,C0055003,C0004899,Cefepime,Bacitracin
268,269,C0086543,C0011847,Cataracts,Diabetes
269,270,C0008168,C0007561,Chloramphenicol,Ceftiaxone
270,271,C0041948,C0751229,Uremias,Hypersomnolence
271,272,C0016860,C0024730,Lasix,Mannitol
272,273,C0003128,C0079083,Anovulation,Carboplatin
273,274,C0013132,C0006982,Drooling,Sinemet
274,275,C0025605,C0040610,Methadone,Ultram
275,276,C0037763,C0151818,Spasm,Opisthotonus
276,277,C0002962,C0231618,Angina,Corkscrewing
277,278,C0001416,C0038450,Adenitis,Stridor
278,279,C0009421,C0003129,comatose,Anoxemia
279,280,C0206160,C0004057,Reticulocytosis,Aspirin
280,281,C0002962,C0070166,Angina,Plavix
281,282,C0028734,C0001962,Nocturia,Ethanol
282,283,C0013090,C0220892,Doxycyline,Penicillin
283,284,C1883552,C0010137,Weakness,Cortisone
284,285,C0741439,C1282609,Bandemia,Granulocytosis
285,286,C0034642,C0010520,Rales,Cyanosis
286,287,C0019134,C0033603,Heparin,Protamine Sulfate
287,288,C0011603,C0995182,Dermatitis,Aloe Vera
288,289,C0018991,C0070166,Hemiplegia,Plavix
289,290,C0878544,C0034642,Cardiomyopathy,Rales
290,291,C1623038,C0025677,Cirrhosis,Methotrexate
291,292,C0037384,C0001962,Snoring,Ethanol
292,293,C0004147,C0016860,Atenolol,Lasix
293,294,C0020676,C0009421,Hypothyroidism,comatose
294,295,C0025287,C0001367,Meningism,Zovirax
295,296,C0114873,C0076107,Cardura,Hytrin
296,297,C0037354,C0042214,Smallpox,Vaccinia
297,298,C0003864,C0002726,Arthritis,Amyloidoses
298,299,C0232197,C0002962,Fibrillation,Angina
299,300,C0016204,C0017687,Flatulence,Glucagen
300,301,C1623038,C0002871,Cirrhosis,Anemia
301,302,C0040038,C0039070,Thromboembolism,Syncope
302,303,C0039070,C1883552,Syncope,Weakness
303,304,C0006277,C0298130,Bronchitis,Singulair
304,305,C0235250,C0061851,HYPEREMESIS,Zofran
305,306,C0021167,C0016860,Incontinence,Lasix
306,307,C0034642,C0016860,Rales,Lasix
307,308,C0001975,C0012772,Alcohol,Antabuse
308,309,C0242453,C0008809,Prostatism,Cipro
309,310,C0003129,C0036572,Anoxemia,Seizures
310,311,C0877781,C0018681,Hemicrania,Headache
311,312,C0030305,C0021641,Pancreatitis,Insulin
312,313,C0003850,C0022116,Arteriosclerosis,Ischemias
313,314,C0442874,C0021641,Neuropathy,Insulin
314,315,C0029456,C0032950,Osteoporosis,Prednisolone
315,316,C0013456,C0034880,Earache,Hyperacusis
316,317,C0032143,C0038418,Activase,Streptase
317,318,C0003862,C0027796,Arthralgia,Neuralgia
318,319,C0751229,C0037384,Hypersomnolence,Snoring
319,320,C0232197,C0878544,Fibrillation,Cardiomyopathies
320,321,C0235250,C0079083,Hyperemesis,Carboplatin
321,322,C0032617,C0021641,Polyuria,Insulin
322,323,C0023992,C0005632,Loperamide,Dulcolax
323,324,C0003864,C0025587,Arthritis,Metatarsalgia
324,325,C0018995,C0003862,Hemochromatosis,Arthralgia
325,326,C0028734,C0011847,Nocturia,Diabetes
326,327,C0035435,C0009262,Rheumatism,Colchicine
327,328,C0741439,C0025287,Bandemia,Meningism
328,329,C0553735,C0027697,Pyorrhea,Nephritis
329,330,C0019158,C0018926,Hepatitis,Hematemesis
330,331,C0000786,C0023860,Abortions.spontaneous,Listeriosis
331,332,C0028351,C0033487,Levophed,Propofol
332,333,C0017887,C0025859,Nitroglycerine,Toprol-XR
333,334,C0232197,C0002962,Fibrillation,Angina
334,335,C0041296,C0019079,Tuberculosis,Hemoptysis
335,336,C0009187,C0025289,Coccidioses,Meningitis
336,337,C0020550,C0036572,Hyperthyroidism,Seizures
337,338,C0025587,C0009262,Metatarsalgia,Colchicine
338,339,C0027121,C0025815,Myositis,Medrol
339,340,C0011991,C0009262,Diarrhea,Colchicine
340,341,C0036572,C0006949,Seizures,Carbatrol
341,342,C0013132,C0023570,Drooling,Sinemet
342,343,C0016204,C0018520,Flatulence,Halitosis
343,344,C0242339,C0002962,Dyslipidemia,Angina
344,345,C0024902,C0013456,Mastodynia,Earache
345,346,C0027697,C0553735,Nephritis,Pyorrhea
346,347,C0016157,C0074554,Fish Oil,Zocor
347,348,C0242339,C0020473,Dyslipidemia,Hyperlipidemia
348,349,C0029456,C0246719,Osteoporosis,Actonel
349,350,C0013404,C0073992,Dyspnea,Serevent
350,351,C0032064,C0001416,Plague,Adenitis
351,352,C0232197,C0004147,Fibrillation,Atenolol
352,353,C0232471,C0020175,Thirsty,Hunger
353,354,C0022116,C0025859,Ischemias,Toprol-XR
354,355,C0042313,C0017642,Vancocin,Glucotrol
355,356,C0009214,C0011816,Codeine,Robitussin
356,357,C0032285,C0013404,Pneumoniae,Dyspnea
357,358,C0009951,C0001962,Convulsion,Ethanol
358,359,C0013404,C0025815,Dyspnea,Medrol
359,360,C0014544,C0024002,Epilepsy,Ativan
360,361,C0022116,C0022251,Ischemias,Isosorbide
361,362,C0004134,C0001962,Ataxia,Ethanol
362,363,C0040822,C0023570,Tremor,Sinemet
363,364,C0017601,C0018681,Glaucoma,Headache
364,365,C0009951,C0006949,Convulsion,Carbatrol
365,366,C0003126,C0003564,Anosmia,Aphonia
366,367,C0149651,C0213771,Clubbing,Spiriva
367,368,C0398623,C0043031,Thrombophilias,Coumadin
368,369,C0009262,C0032950,Colchicine,Prednisolone
369,370,C0040038,C0019079,Thromboembolism,Hemoptysis
370,371,C0021359,C0079083,Infertility,Carboplatin
371,372,C0027121,C0286651,Myositis,Lipitor
372,373,C0036396,C0020740,Sciatica,Motrin
373,374,C0013456,C0002645,Earache,Amoxil
374,375,C0086073,C0032950,Cromolyn,Prednisolone
375,376,C0178664,C0033687,Glomerulosclerosis,Proteinuria
376,377,C0018995,C0003864,Hemochromatosis,Arthritis
377,378,C0028754,C0037384,Obesity,Snoring
378,379,C0878544,C0002962,Cardiomyopathy,Angina
379,380,C0002962,C0858529,Angina,Cardialgia
380,381,C0025289,C0025287,Meningitis,Meningism
381,382,C0032285,C0007561,Pneumoniae,Ceftiaxone
382,383,C0009951,C0085208,Convulsion,Wellbutrin
383,384,C0003862,C0000970,Arthralgia,Tylenol
384,385,C0878544,C0039070,Cardiomyopathies,Syncope
385,386,C0231655,C0025587,Scapulalgia,Metatarsalgia
386,387,C0036494,C0027497,Seasickness,Nausea
387,388,C0025289,C0041296,Meningitis,Tuberculosis
388,389,C0018681,C0000970,Headache,Tylenol
389,390,C0019158,C0000970,Hepatitis,Tylenol
390,391,C0232197,C0040165,Fibrillation,Synthroid
391,392,C0917801,C0085631,Sleeplessness,Agitation
392,393,C0035435,C0032950,Rheumatism,Prednisolone
393,394,C0020639,C0020175,Hypoproteinemia,Hunger
394,395,C0003615,C0007546,Appendicitis,Cefazolin
395,396,C0242339,C0008402,Dyslipidemia,Cholestyramine
396,397,C1883552,C0074554,Weakness,Zocor
397,398,C0023530,C0005740,Leukopenia,Bleomycin
398,399,C0007398,C0023380,Catatonia,Lethargy
399,400,C0162275,C0021641,Ketonuria,Insulin
400,401,C0039730,C0060277,Thalassemia,Iron
401,402,C0301532,C0039840,Banana Bag,Vitamin B1
402,403,C0012833,C0001962,Dizziness,Ethanol
403,404,C0036494,C0007297,Seasickness,Carsickness
404,405,C0018834,C0015620,Heartburn,Pepcid
405,406,C0070166,C0286651,Plavix,Lipitor
406,407,C0002871,C0206160,Anemia,Reticulocytosis
407,408,C0011175,C0039070,Dehydration,Syncope
408,409,C0021400,C0032285,Influenza,Pneumoniae
409,410,C0030232,C0060277,Pallor,Iron
410,411,C0020676,C1883552,Hypothyroidism,Weakness
411,412,C0019079,C0018926,Hemoptysis,Hematemesis
412,413,C0019158,C0019209,Hepatitis,Hepatomegaly
413,414,C0036572,C0042291,Seizures,Valproic Acid
414,415,C0021400,C0002403,Influenzae,Amantadine
415,416,C0009014,C0025859,Catapres,Toprol-XR
416,417,C0242339,C0016157,Dyslipidemia,Fish Oil
417,418,C0009421,C0020456,comatose,Hyperglycemia
418,419,C0035435,C0000970,Rheumatism,Tylenol
419,420,C0074554,C0016157,Zocor,Fish Oil
420,421,C0011175,C0013369,Dehydration,Dysentery
421,422,C0033687,C0065374,Proteinuria,Lisinopril
422,423,C0015300,C0040165,Exophthalmos,Synthroid
423,424,C0149651,C0013404,Clubbing,Dyspnea
424,425,C0001824,C0002871,Agranulocytosis,Anemia
425,426,C0885057,C0016157,Garlic,Fish Oil
426,427,C0003615,C0031154,Appendicitis,Peritonitis
427,428,C0232471,C0016860,Thirsty,Lasix
428,429,C0232471,C0020175,Thirsty,Hunger
429,430,C0004153,C0002962,Atherosclerosis,Angina
430,431,C0019079,C0043031,Hemoptysis,Coumadin
431,432,C0006277,C0073992,Bronchitis,Serevent
432,433,C0079083,C0061851,Carboplatin,Zofran
433,434,C0014544,C0031412,Epilepsy,Phenobarbital
434,435,C0020676,C0557875,Hypothyroidism,Tiredness
435,436,C0001927,C0073992,Albuterol,Serevent
436,437,C0022116,C0286651,Ischemias,Lipitor
437,438,C0030232,C0948786,Pallor,Blanching
438,439,C1623038,C0018995,Cirrhosis,Hemochromatosis
439,440,C1883552,C0013911,Weakness,Emaciation
440,441,C0031763,C0011603,Photosensitization,Dermatitis
441,442,C0032285,C0036690,Pneumoniae,Septicemia
442,443,C0025289,C0042313,Meningitis,Vancocin
443,444,C0039128,C0497327,Syphilis,Dementias
444,445,C0040038,C0013404,Thromboembolism,Dyspnea
445,446,C0040038,C0043031,Thromboembolism,Coumadin
446,447,C0242453,C0392071,Prostatism,Prostatorrhea
447,448,C0052796,C0008809,Zithromax,Cipro
448,449,C0009024,C0037763,Clonus,Spasm
449,450,C0040038,C0019134,Thromboembolism,Heparin
450,451,C0081876,C0006681,Protonix,Tums
451,452,C0027497,C0061851,Nausea,Zofran
452,453,C0026946,C0025289,Mycoses,Meningitis
453,454,C0011175,C0038187,Dehydration,Starvation
454,455,C0009186,C0019655,Coccidioidomycosis,Histoplasmosis
455,456,C0392071,C0008809,Prostatorrhea,Cipro
456,457,C0018834,C0081876,Heartburn,Protonix
457,458,C0020676,C0040165,Hypothyroidism,Synthroid
458,459,C0376286,C0038187,Avitaminoses,Starvation
459,460,C0032617,C0162275,Polyuria,Ketonuria
460,461,C0030193,C0026549,Pain,Morphine
461,462,C0043528,C0032064,zoonosis,Plague
462,463,C0004153,C0858529,Atherosclerosis,Cardialgia
463,464,C0036572,C0031507,Seizures,Dilantin
464,465,C0028754,C0076275,Obesity,Xenical
465,466,C0018926,C0027498,Hematemesis,Vomiting
466,467,C0011633,C0026848,Dermatomyositis,Myopathy
467,468,C0006277,C0032285,Bronchitis,Pneumonia
468,469,C0043031,C0004057,Coumadin,Aspirin
469,470,C0040038,C0232197,Thromboembolism,Fibrillation
470,471,C0242339,C0286651,Dyslipidemia,Lipitor
471,472,C0025289,C0007561,Meningitis,Ceftiaxone
472,473,C0022251,C0025859,Isosorbide,Toprol-XR
473,474,C0011847,C0085602,Diabetes,Polydipsia
474,475,C0442874,C0011847,Neuropathy,Diabetes
475,476,C0442874,C0039128,Neuropathy,Syphilis
476,477,C0014038,C0025289,Encephalitis,Meningitis
477,478,C0027497,C0027498,Nausea,Vomiting
478,479,C1623038,C0018926,Cirrhosis,Hematemesis
479,480,C0012265,C0012373,Digoxin,Cardizem
480,481,C0031412,C0042291,Phenobarbital,Valproic Acid
481,482,C0033687,C0011847,Proteinuria,Diabetes
482,483,C0001367,C0209227,Zovirax,Famvir
483,484,C0013404,C0010520,Dyspnea,Cyanosis
484,485,C0014038,C0018681,Encephalitis,Headache
485,486,C0557875,C0751229,Tiredness,Hypersomnolence
486,487,C0116569,C0002598,Esmolol,Amiodarone
487,488,C0011847,C0032617,Diabetes,Polyuria
488,489,C0000970,C0020740,Tylenol,Motrin
489,490,C0013404,C0213771,Dyspnea,Spiriva
490,491,C0035508,C0034642,Rhonchi,Rales
491,492,C0220892,C0007546,Penicillin,Cefazolin
492,493,C0007559,C0007561,Ceftazidime,Ceftiaxone
493,494,C0332566,C0332573,Maculopapule,Macule
494,495,C0003864,C0003862,Arthritis,Arthralgia
495,496,C0039128,C0220892,Syphilis,Penicillin
496,497,C0009262,C0033209,Colchicine,Probenecid
497,498,C0003128,C0002453,Anovulation,Amenorrhoea
498,499,C0027121,C0026848,Myositis,Myopathy
499,500,C0040485,C0037763,Torticollis,Spasm
500,501,C2004489,C0018834,Regurgitation,Heartburn
501,502,C0232197,C0043031,Fibrillation,Coumadin
502,503,C0030232,C1883552,Pallor,Weakness
503,504,C0213771,C0073992,Spiriva,Serevent
504,505,C0026946,C0005716,Mycosis,Blastomycoses
505,506,C0282386,C0536495,Levaquin,Avelox
506,507,C0035435,C0162323,Rheumatism,Polyarthritides
507,508,C0162323,C0003862,Polyarthritides,Arthralgia
508,509,C0017628,C0289313,Glyburide,Avandia
509,510,C0039128,C0018081,Syphilis,Gonorrhea
510,511,C0020175,C0038187,Hunger,Starvation
511,512,C0085602,C0032617,Polydipsia,Polyuria
512,513,C0043528,C0004576,zoonosis,Babesiosis
513,514,C0026946,C0009187,Mycosis,Coccidioses
514,515,C0074393,C0016365,Zoloft,Prozac
515,516,C0028754,C0011847,Obesity,Diabetes
516,517,C0002144,C0009262,Allopurinol,Colchicine
517,518,C0033860,C0003864,Psoriasis,Arthritis
518,519,C0006840,C0026946,Candidiasis,Mycosis
519,520,C0003864,C0035435,Arthritis,Rheumatism
520,521,C0007557,C0007561,Cefoxitin,Ceftiaxone
521,522,C0011847,C0021641,Diabetes,Insulin
522,523,C1883552,C0030552,Weakness,Paresis
523,524,C0019209,C0019214,Hepatomegaly,Hepatosplenomegaly
524,525,C0007297,C0027497,Carsickness,Nausea
525,526,C0019158,C1623038,Hepatitis,Cirrhosis
526,527,C0007537,C0007557,Cefaclor,Cefoxitin
527,528,C0286651,C0024027,Lipitor,Lovastatin
528,529,C0038187,C0003123,Starvation,Anorexia
529,530,C0948786,C0030232,Blanching,Pallor
530,531,C0070166,C0043031,Plavix,Coumadin
531,532,C0008402,C1142985,Cholestyramine,Zetia
532,533,C0920289,C0015672,Sluggishness,Fatigue
533,534,C0036323,C0242723,Schistosomiasis,Parasitemia
534,535,C0011603,C1998461,Dermatitis,Allergy.
535,536,C0021359,C0003128,Infertility,Anovulation
536,537,C0002403,C0874161,Amantadine,Tamiflu
537,538,C0006309,C0043528,Brucellosis,zoonosis
538,539,C0007561,C0007557,Ceftiaxone,Cefoxitin
539,540,C0003862,C0030193,Arthralgia,Pain
540,541,C0025289,C0018681,Meningitis,Headache
541,542,C0162275,C0038187,Ketonuria,Starvation
542,543,C0011847,C0020456,Diabetes,Hyperglycemia
543,544,C0002680,C0002645,Ampicillin,Amoxil
544,545,C0242723,C0024530,Parasitemia,Malaria
545,546,C0235250,C0027497,Hyperemesis,Nausea
546,547,C0126174,C0216784,Cozaar,Diovan
547,548,C0015620,C0034665,Pepcid,Zantac
548,549,C0017160,C0013369,Gastroenteritis,Dysentery
549,550,C0001962,C0001975,Ethanol,Alcohol
550,551,C0002333,C0024002,Xanax,Ativan
551,552,C0079083,C0008838,Carboplatin,Cisplatin
552,553,C0021359,C0003128,Infertility,Anovulation
553,554,C0246719,C0102118,Actonel,Fosamax
554,555,C0004147,C0025859,Atenolol,Toprol-XR
555,556,C0014025,C0065374,Enalapril,Lisinopril
556,557,C0026946,C0019655,Mycosis,Histoplasmosis
557,558,C0012833,C0042571,Dizziness,Vertigo
558,559,C0013911,C0006625,Emaciation,Cachexia
559,560,C0009951,C0014544,Convulsion,Epilepsy
560,561,C0039730,C0019045,Thalassemia,Hemoglobinopathy
561,562,C0007546,C0007716,Cefazolin,Keflex
562,563,C0286651,C0074554,Lipitor,Zocor
563,564,C0025815,C0032950,Medrol,Prednisolone
564,565,C0060277,C0060277,Iron,Iron
565,566,C0023570,C0006982,Sinemet,Sinemet
